DS-21004,"Island Fox pup. There are 6 subspecies of island fox, each named for the Channel Island they inhabit. Four of these subspecies were federally listed as endangered in 2004.","Cachorro de zorro isleño. Hay seis sub-especies de zorros isleños, y cada una recibe el nombre de la Isla del Canal que habita. Cuatro de estas subespecies fueron listadas federalmente como especies en peligro en 2004."
DS-21003,"Postcard of Avalon Bay, Santa Catalina Island, California.","Una postal de Avalon Bay, Isla de Santa Catalina, California."
DS-21002_R,Swimmers in water near Santa Catalina Island.,Nadadores en el agua cerca de la Isla de Santa Catalina.
DS-21001,"Point Bennett, San Miguel Island.","Point Bennett, Isla de San Miguel."
DS-20005,Fire breaking out in chaparral east of Temecula.,Un incendio estallando en el chaparral al este de Temecula.
DS-20004,American Indian girl in a Girl Scout uniform.,Una niña americana nativa en uniforme de las Girl Scouts.
DS-20003_R,"Camping near Murietta Hot Springs, in Riverside.",Acampando cerca de Murietta Hot Springs en Riverside.
DS-20002,Lake Elsinore.,El pueblo de Lake Elsinore.
DS-20001,San Jacinto River in flood at western end of Perris Valley.,El Río de San Jacinto inundado en el extremo oeste de Perris Valley.
DS-19050,"A Griffith Park hiking trail and downtown Glendale in the distance, the gloom of the day starting to lift. Shot from the top of Mt. Hollywood.","Un sendero en el Parque Griffith y el centro de Glendale a la distancia, la penumbra del día empezando a levantarse. Foto tomada desde la cima de Mount Hollywood."
DS-19049,It's hard to believe that the city of LA is just underneath this cloud layer.,Quién diría que la ciudad de L.A. está apenas debajo de esta capa de nubes.
DS-19048,Venice Canal.,Canal de Venice.
DS-19047,"""Mr. Green Buddy"": an Allen's Hummingbird, all shiny and nice looking.","""El Sr. Green Buddy"": un zumbador de Allen, todo brilloso y bien parecido."
DS-19046,A small break in the rain during the rainiest day in the last 10 years. The tide was so low that the area shown is usually 20ft. below water.,Una pequeña pausa en la lluvia durante el día más lluvioso de los últimos diez años. La marea estaba tan baja que la zona que aparece está generalmente a veinte pies bajo el agua.
DS-19045,"Catalina Mariposa Lily, Calochortus catalinae","Lirio mariposa, Calochortus catalinae"
DS-19044,Extreme smog in Los Angeles.,Smog extremo en Los Ángeles.
DS-19043,"Hildur & Corinne at the beach, Santa Monica. If my grandmother was 11 months old, that would date this picture to late September or early October of 1910.","Hildur y Corinne en la playa en Santa Monica. Si mi abuela tenía once años, esta foto dataría de fines de septiembre o principios de octubre de 1910."
DS-19042,Laurel Canyon trackless trolley.,Trolebús de Laurel Canyon.
DS-19041,Anahuak Youth Association members plant trees at the grand opening of Rio de Los Angeles State Park on Earth Day weekend.,Miembros de la Asociación de Jóvenes Anahuak plantan árboles en la inauguración del Parque Estatal Río de Los Ángeles durante el fin de semana en que se celebró el Día de la Tierra.
DS-19040,The Los Angeles skyline.,El horizonte urbano de Los Ángeles.
DS-19039,Went hiking with my family around Los Angeles. Here is the view towards the city from Mulholland Ridge Trail in the afternoon of a foggy and smoggy day.,Fui de caminata con mi familia alrededor de Los Ángeles. Aquí está la vista hacia la ciudad desde el sendero de Mulholland Ridge durante una tarde con neblina y smog.
DS-19038,Hollywood sign as seen from the Kaiser Permanente building in Los Angeles.,El cartel de Hollywood visto desde el edificio de Kaiser Permanente en Los Ángeles.
DS-19037,Los Angeles Skyline: view of the smog from Griffith Observatory.,El horizonte urbano de Los Ángeles: vista del smog desde el observatorio Griffith.
DS-19036,Los Angeles freeways intersecting.,Intersección de autopistas de Los Ángeles.
DS-19035,This topographic radar image shows the relationships of the dense urban development of Los Angeles and the natural contours of the land.,Esta imagen topográfica de radar muestra las relaciones entre el denso desarrollo urbano de Los Ángeles y los contornos naturales de la tierra.
DS-19034,This night-time infrared image of the Los Angeles metropolitan area was photographed by a crew member aboard the International Space Station.,Esta imagen nocturna en infrarojo del área metropolitana de Los Ángeles fue tomada por un miembro del equipo a bordo de la Estación Espacial Internacional.
DS-19033,Los Angeles River.,El Río de Los Ángeles.
DS-19032,Los Angeles River.,El Río de Los Ángeles.
DS-19031,Manhattan Beach.,Manhattan Beach.
DS-19030,Manhattan Beach bike path.,Carril para bicicletas en Manhattan Beach.
DS-19029,Walkway down to Manhattan Beach.,Pasadizo que va hacia Manhattan Beach.
DS-19028,Waves.,Olas.
DS-19027,"A federally endangered species, the El Segundo blue butterfly is found only along coastal dune habitat on the southeastern shores of Santa Monica Bay, Los Angeles County, California.","Una especie en peligro de extinción a nivel federal, la mariposa azul de El Segundo se encuentra únicamente a lo largo del hábitat de dunas costeras en la costa sudeste de la bahía de Santa Monica en el condado de Los Ángeles, California."
DS-19026,Endangered Palos Verdes Blue Butterfly.,Mariposa azul de Palos Verdes en peligro de extinción.
DS-19025,"After the March 16, 1933 earthquake in Long Beach, this amateur short-wave radio station in Bixby Park sent more than 1200 messages free of charge for the public.","Después del terremoto del 16 de marzo de 1933 en Long Beach, esta emisora de radio amateur de onda corta en el Parque Bixby envió más de 1200 mensajes sin cargo para el público."
DS-19024,Boy Scout Mike Miller of Troop 139 was the first to arrive at the 1956 North Hollywood District Camporeno.,"Mike Miller, Boy Scout de la Tropa 139, fue el primero en llegar al Camporeno del distrito de North Hollywood en 1956."
DS-19023,"Two children stand in front of a tent, clothes hang on a makeshift line, and a car is parked in the camping area.","Dos niños se paran delante de una carpa, ropa cuelga de una soga improvisada, y un automóvil está estacionado en el área del campamento."
DS-19022,"People in folk costumes are camping in tents in Santa Monica Canyon, probably in the 1890s.","Gente en vestimenta folclórica acampando en carpas en Santa Monica Canyon, probablemente durante la década de 1890."
DS-19021,Automobiles can be seen parked closely to tents in a park-like setting. A tent can be seen extended from the rear of the second car from the right.,Se pueden ver automóviles estacionados cerca de las carpas en un entorno parquizado. Se puede ver una carpa extendida desde la parte trasera del segundo automóvil a la derecha.
DS-19020,People in front of their house-tents on Santa Monica beach in 1890.,Gente delante de sus casas-carpas en la playa de Santa Monica en 1890.
DS-19019,"Before roads and rail lines were built, traveling through the Cahuenga Pass was by wagons and horses. Here a group of people have stopped to camp.","Antes que se construyeran rutas y ferrocarriles, el viaje a través del Cahuenga Pass se hacía en carretas y caballos. Aquí, un grupo de gente se ha detenido para acampar."
DS-19018,"W. B. Ware and his family, who may be evicted from the area of Terminal Island in which they have been camping out due to the Depression.","W. B. Ware y su familia, quienes podrían ser desalojados de la zona de Terminal Island donde han estado acampando debido a la Depresión."
DS-19017,The first Fourth of July celebration after WWII finds many people sleeping on the beach or in their cars.,La primera celebración del Cuatro de Julio después de la Segunda Guerra Mundial encuentra a mucha gente durmiendo en la playa o en sus automóviles.
DS-19016,"Construction of the Ramona Boulevard freeway just east of the Macy Street (Cesar Chavez Avenue) Viaduct. On the left, Pacific Electric and Southern Pacific tracks run down the Canada de los Abilas.","Construcción de la autopista Ramona Boulevard apenas al este del viaducto de Macy Street (Cesar Chavez Avenue). A la izquierda, las vías de Pacific Electric y Southern Pacific corren a lo largo de Canada de los Abilas."
DS-19015_R,"Opening of the Los Angeles Aqueduct. Project engineer William Mulholland is at one of the wheels, opening the Sylmar Gates for the first time.","La inauguración del acueducto de Los Ángeles. Se ve al ingeniero del proyecto, William Mulholland, en una de las ruedas de control abriendo las compuertas de Sylmar por primera vez."
DS-19014_R,Oil derrick in the middle of a Beverly Hills road.,Torre petrolera en medio de un camino en Beverly Hills.
DS-19013,"Long Beach, California, Earthquake March 10, 1933. Roadway between Seal Beach and Bolsa Chica Gun Club.","Long Beach, California, terremoto del 10 de marzo de 1933. La ruta entre Seal Beach y el club de tiro de Bolsa Chica."
DS-19012,"San Fernando Earthquake: broken slabs and fractures on Foothills Boulevard near intersection with Vaughn Street, February 9, 1971.","Terremoto de San Fernando: losas rotas y grietas sobre Foothills Boulevard cerca de la intersección con Vaughn Street, 9 de febrero de 1971."
DS-19011,"Typical weir, Los Angeles River.",Una típica represa en el Río de Los Ángeles.
DS-19010,USGS Survey team in streambed east of Oban Station in Los Angeles County.,Equipo de relevamiento del Servicio Geológico de los EEUU en el lecho del río al este de Oban Station en el condado de Los Ángeles.
DS-19009,Near well southwest of Lancaster during water supply survey by USGS in Los Angeles County.,Cerca del manantial al sudoeste de Lancaster durante la medición del suministro de agua por parte del Servicio Geológico de los EEUU en el condado de Los Ángeles.
DS-19008,Bixby artesian well.,El manantial artesiano Bixby.
DS-19007,"Landslide at the west end of Via de las Olas which occurred at 6:50 a.m. on March 27, 1958. View is to the west-northwest.",Deslizamiento de tierras en el extremo oeste de Via de las Olas que ocurrió a las 6:50 a.m. el 27 de marzo de 1958. La vista es hacia el oeste-noroeste.
DS-19006,Landslide at 15205 DePauw Street in middle Potrero Canyon. View is to the south.,Deslizamiento de tierras en 15205 DePauw Street en el medio de Potrero Canyon. La vista es hacia el sur.
DS-19005,"San Fernando Earthquake February, 1971. Damaged Los Angeles County ambulance still under collapsed covered parking at Olive View Hospital.",Terremoto de San Fernando en febrero de 1971. Ambulancia del condado de Los Ángeles dañada y aún debajo de una playa de estacionamiento colapsada en el hospital Olive View.
DS-19004,Alluvial bluffs along the Pacific Coast north of Santa Monica Canyon.,Acantilados aluviales a lo largo de la costa del Pacífico al norte de Santa Monica Canyon.
DS-19003,Alluvial bluffs along the Pacific Coast north of Santa Monica Canyon.,Acantilados aluviales a lo largo de la costa del Pacífico al norte de Santa Monica Canyon.
DS-19002 AHORA,Alluvial bluffs along the Pacific Coast north of Santa Monica Canyon.,Acantilados aluviales a lo largo de la costa del Pacífico al norte de Santa Monica Canyon.
DS-19001 ENTONCES,Alluvial bluffs along the Pacific Coast north of Santa Monica Canyon.,Acantilados aluviales a lo largo de la costa del Pacífico al norte de Santa Monica Canyon.
DS-18004,Raising goats in the Tijuana River Valley.,Criando cabras en el valle del Río de Tijuana.
DS-18003,Otay Lake.,El Lago Otay.
DS-18002,"Captain Gordon Tamplin of Engine 58 in San Diego walks ahead of his crew, working a fire off of Otay Lakes Road, in east county San Diego.","El capitán Gordon Tamplin del Camión de Bomberos 58 en San Diego camina delante de los miembros de su equipo combatiendo un incendio en Otay Lakes Road, en la parte este del condado de San Diego."
DS-18001,"Automobile parked under a billboard that reads ""San Ysidro The Gateway to the US"".","Un automóvil estacionado debajo de un cartel que dice “San Ysidro, el Portal a los Estados Unidos”."
DS-17003,"Unlike many other salamanders, California Tiger Salamanders (Ambystoma californiense) only spend a very short period of their life in water.","A diferencia de muchas otras salamandras, las salamandras tigre de California (Ambystoma californiense) pasan solamente un período muy corto de sus vidas en el agua."
DS-17002,"Charred timbers left from a burned oil well. Photo taken during a San Diego Natural History Museum collecting trip to Sulphur Mountain, Ventura County.","Restos de maderos carbonizados de un pozo petrolero quemado. Foto tomada durante una expedición de recolección del Museo de Historia Natural de San Diego al Monte Sulphur, en el condado de Ventura."
DS-17001,Malibu brush fire seen from across Roosevelt Highway is threatening Malibu Inn and Malibu film star colony. Fire fighters beat back the blaze with back-fires.,Un incendio forestal en Malibu visto desde Roosevelt Highway amenaza al Malibu Inn y la colonia de los artistas de cine de Malibu. Los bomberos combaten las llamas con fuegos de contención.
DS-16004,A tram car full of visitors is making its way down to the Valley Station.,Un cable carril lleno de visitantes se encamina hacia Valley Station
DS-16003,Wind farm and San Jacinto Peak.,Parque eólico y la cima de San Jacinto.
"DS-16002 NOW
 DS-16002 AHORA","Diana's Pool, photographed 92 years later, as part of the San Jacinto resurvey project by the San Diego Natural History Museum to document changes to the landscape over time.","El estanque natural de Diana, fotografiado 92 años después, como parte del proyecto de nuevo relevamiento de San Jacinto efectuado por el Museo de Historia Natural de San Diego para documentar los cambios en el paisaje a lo largo del tiempo."
"DS-16001 THEN
 DS-16001 ENTONCES",Diana's Pool.,El estanque natural de Diana.
DS-15003,Julia (far left) and Eloise Arciniega (2nd from left) with friends on an outing to snow at Wrightwood or Big Pines.,Julia (extrema izquierda) y Eloise Arciniega (segunda desde la izquierda) con amigos en una excursión a la nieve en Wrightwood o Big Pines.
DS-15002,Sunset in the San Gabriel Mountains.,El atardecer en las montañas San Gabriel.
DS-15001,Family photo taken on Mt. Lowe.,Foto de familia tomada en Mt. Lowe.
DS-14005,People swimming in the San Diego River in Mission Valley.,Gente nadando en el Río de San Diego en Mission Valley.
DS-14004,A man overlooking Mission Valley pointing toward Mission San Diego de Alcalá.,"Un hombre mirando a Mission Valley desde arriba, señalando hacia la misión de San Diego de Alcalá."
DS-14003,Plant identification in canyon below Mesa College as part of Professor Albert Grennan's botany class.,Identificación de plantas en un cañón debajo de Mesa College como parte de la clase de botánica del Profesor Albert Grennan.
DS-14002,Great Horned Owl.,Búho cornudo.
DS-14001,"Camping at Rincon Ranch Creek, in San Diego.","Acampando en Rincon Ranch Creek, en San Diego."
DS-13058,View from airplane of La Jolla and San Diego coast.,Vista desde un avión de La Jolla y la costa de San Diego.
DS-13057,"Bird's eye view of San Diego, California.","Vista a vuelo de pájaro de San Diego, California."
DS-13056,Bird's eye view of Coronado.,Vista a vuelo de pájaro de Coronado.
DS-13055,Coronado beach and its Tent City for tourists; Hotel del Coronado is visible in the background. Electric power poles supplied electricity.,La playa Coronado y su ciudad de carpas para turistas; el Hotel del Coronado es visible al fondo. Postes del tendido eléctrico suministraban electricidad.
DS-13054,"Postcard: ""The Famous Hotel del Coronado, Coronado, Calif.""","Postal: ""El Famoso Hotel del Coronado, Coronado, Calif."""
DS-13053,"Exploring the tide pools at Point Loma, CA.","Explorando las pozas de marea en Point Loma, California."
DS-13052,"The Tijuana River Estuarine Research Reserve is part of a network of 28 protected areas located in the United States and territories, established for long-term research, education and stewardship.","La Reserva Nacional de Investigación Estuarina del Río Tijuana es parte de una red de 28 áreas protegidas ubicadas en los Estados Unidos y territorios, establecida para investigación de largo plazo, educación y administración."
DS-13051,Female Black-chinned Hummingbird (Archilochus alexandri).,Un colibrí barba negra hembra (Archilochus alexandri).
DS-13050,"The Space Shuttle Columbia was almost directly over the San Diego, California, area when this scene was captured with a 70mm handheld camera.","El Taxi Espacial Columbia estaba casi directamente encima del área de San Diego, California, cuando esta escena fue capturada con una cámara de mano de 70 mm."
DS-13049,An aerial view of Mission Bay.,Una vista aérea de Mission Bay.
DS-13048,Mission Bay.,Mission Bay.
DS-13047,Mission Bay - view looking north from Jellett and Pacific Highway.,Mission Bay - vista mirando al norte desde Jellett y Pacific Highway.
DS-13046,Red sand-verbena.,Alfombrilla.
DS-13045,Osprey in flight over Sweetwater Marsh.,Un águila pescadora en vuelo sobre la Marisma de Sweetwater.
DS-13044,The Sweetwater River divides two portions of the Sweetwater Marsh Unit of the San Diego Bay National Wildlife Refuge.,"El Río Sweetwater divide dos porciones de la unidad de la Marisma de Sweetwater del
 Refugio Nacional de Vida Silvestre de la Bahía de San Diego."
DS-13043,"The Chula Vista Nature Center is located on Sweetwater Marsh, and has been in operation since 1987.",El Centro de Naturaleza de Chula Vista opera desde 1987 y se encuentra en la Marisma de Sweetwater.
DS-13042,"Cleveland Sage (Salvia clevelandii). A bee's-eye-view, taken at the Visitor Center on Tijuana Slough National Wildlife Refuge, looking southwest toward the ocean.","Salvia de Cleveland (Salvia clevelandii). Una vista a vuelo de abeja desde el Centro de Visitantes en la Reserva Nacional de Vida Silvestre de la Ciénaga de Tijuana, mirando al sudoeste hacia el océano."
DS-13041,Adult Belding's Savannah Sparrow. This state-designated endangered bird frequents the marshes of both the Tijuana Slough NWR and San Diego Bay NWR.,"Gorrión sabanero de Belding adulto. Este pájaro, designado especie en peligro por el Estado, frecuenta las marismas tanto de la RN de VS de la Ciénaga de Tijuana como de la RN de VS de la Bahía de San Diego."
DS-13040,Adult Great Blue Heron.,Garza morena adulta.
DS-13039,"Fifth and sixth grade students from a local elementary school peer over the McCoy Trail bridge to look for Fiddler Crabs, or perhaps a glimpse of a Light-footed Clapper Rail.",Estudiantes de quinto y sexto grado de una escuela primaria local atisban desde el puente del sendero McCoy en busca de cangrejos violinistas o quizás avistar un rascón picudo.
DS-13038,Yellow-crowned Night Heron (Nyctanassa violacea) catching a crab. This night heron is considered rare by some birders here in the marshes of Southern California.,Un pedrete corona clara (Nyctanassa violacea) cazando un cangrejo. Este pedrete nocturno es considerado inusual por algunos observadores de pájaros aquí en los marjales del sur de California.
DS-13037,Matilija Poppy (Romneya coulteri).,Matilija Poppy (Romneya coulteri).
DS-13036,Bird tracks in the marsh.,Huellas de pájaro en la marisma.
DS-13035,"Light-footed Clapper Rail nest and eggs. An unusually high number of eggs in this nest, this pair is sure to hatch a successful clutch.","Nido y huevos de rascón picudo. Un número inusualmente alto de huevos en este nido, esta pareja seguramente criará una exitosa nidada."
DS-13034,California Cordgrass (Spartina foliosa).,Espartina (Spartina foliosa).
DS-13033,"Beach Evening Primrose (Camissonia cheiranthifolia). A native dune species, this gorgeous yellow flower blooms from April to August.","Beach Evening Primrose (Camissonia cheiranthifolia).  Una especie nativa de las dunas, esta hermosa flor amarilla florece desde abril a agosto."
DS-13032,Front gate entrance to the beach and dune habitat on Tijuana River National Wildlife Refuge.,Portón de entrada al hábitat de dunas y playa de la Reserva Natural de Vida Silvestre del Río Tijuana.
DS-13031,"An American Avocet (Recurvirostra americana) chick. It takes a lot of work to walk around on the sticky bay mud, so this chick is taking a break, hiding from predators.","Un polluelo de avoceta americana (Recurvirostra americana). Requiere mucho trabajo caminar por el lodo pegajoso de la bahía, así que este polluelo está tomando un descanso, escondiéndose de los predadores."
DS-13030,"During an extreme high tide event on February 17, 2011, the bay water in Sweetwater Marsh reached 6.9 feet.","Durante un incidente de marea extremadamente alta el 17 de febrero de 2011, el agua de la bahía de la Marisma de Sweetwater alcanzó los 6,9 pies."
DS-13029,An adult California Least Tern brings a robust fish back to its nest on the dunes to feed its chicks.,Un charrán mínimo adulto lleva un robusto pescado hasta su nido en las dunas para alimentar a sus polluelos.
DS-13028,This tern is searching for fish along the shoreline to feed its chicks waiting in the sand dunes.,Este charrán está buscando peces a lo largo de la costa para alimentar a sus polluelos que esperan en las dunas de arena.
DS-13027,A Long-billed Curlew searching along the tideline for mollusks and crustaceans .,Un zarapito pico largo busca moluscos y crustáceos a lo largo del límite de la marea.
DS-13026,This California Least Tern chick is just one or two days old.,Este charrán mínimo nació hace sólo uno o dos días.
DS-13025,California Least Tern gets its wing measured. Biologists regularly monitor chicks throughout the breeding season from March to August on the Tijuana Slough National Wildlife Refuge and other nearby areas.,Midiendo las alas de un charrán mínimo. Los biólogos regularmente monitorean los polluelos durante la temporada de reproducción de marzo a agosto en la Reserva Nacional de Vida Silvestre de la Ciénaga de Tijuana y otras áreas adyacentes.
DS-13024,Elegant Tern chicks huddle with parents.  Elegant Tern chicks gather together and get fed by several adults. There is strength and protection when they stay together as a group.,Polluelos de charranes elegantes se acurrucan alrededor de sus padres. Los polluelos de charranes elegantes se juntan en grupos y son alimentados por varios adultos. Al mantenerse en grupo se fortalecen y están más protegidos.
DS-13023,"Terns swarm the salt ponds on San Diego Bay National Wildlife Refuge in June. This Elegant Tern colony is made up of about 10,000 nests.",Bandadas de charranes descienden sobre las lagunas de agua salada en la Reserva Nacional de Vida Silvestre de la Bahía de San Diego en el mes de Junio. Esta colonia de charranes elegantes está compuesta de aproximadamente 10.000 nidos.
DS-13022,A Long-billed Curlew takes a stroll while searching for mollusks and crustaceans along the tideline near the US/Mexico border fence on Border Field State Park.,Un zarapito pico largo da un paseo mientras busca moluscos y crustáceos a lo largo del límite de la marea cerca de la frontera entre EEUU y México en el Parque Estatal Border Field.
DS-13021,U.S Fish & Wildlife Service biologist Erin McCarthy holds an endangered Light-footed Clapper Rail while it receives a leg band before being released into the wild.,"Erin McCarthy, bióloga del Servicio de Pesca y Vida Silvestre de los EEUU, sostiene un rascón picudo (especie en peligro) mientras se le coloca una banda identificatoria en la pata antes de soltarlo en la naturaleza."
DS-13020,"Van Rossem's Gull-billed Tern are a medium-sized migratory seabird that feed on a variety of small prey items, including crabs, lizards, insects, chicks of other bird species, and fish.","Los charranes pico grueso Van Rossem son aves marinas migratorias de tamaño mediano que se alimentan de una variedad de pequeñas presas, incluidos cangrejos, lagartijas, insectos, polluelos de otras especies de aves, y peces."
DS-13019,Mr. Wright hunting beetles for the San Diego Natural History Museum.,El Sr. Wright cazando escarabajos para el Museo de Historia Natural de San Diego.
DS-13018,Only in San Diego: a dog surfing competition is held every year at Imperial Beach.,Únicamente en San Diego: una competencia de surfing de perros se realiza cada año en Imperial Beach.
DS-13017,The Coronado Bridge connects San Diego and Coronado Island. It is over two miles long.,El Puente Coronado conecta San Diego y la Isla de Coronado. Tiene una longitud de más de dos millas.
DS-13016,Toby Vinje tests the waters at Coronado Beach.,Toby Vinje tantea el agua en Coronado Beach.
DS-13015,The Vinjes look out on the Pacific Ocean after a big storm.,La familia Vinje mira hacia el Océano Pacífico después de una gran tormenta.
DS-13014,Sunset at Cabrillo National Monument.,Puesta de sol en el Monumento Nacional Cabrillo.
DS-13013,Big lobster caught by Tom Guydos off Sunset Cliffs in Ocean Beach while spearfishing.,Enorme langosta atrapada por Tom Guydos cuando estaba pescando con arpón en Sunset Cliffs en Ocean Beach.
DS-13012,"The San Diego River is normally quite dry, but after the storm of April 5, 1926, quite a head of water was running under the Old Town Bridge.","El Río de San Diego está normalmente bastante seco, pero después de la tormenta del 5 de abril de 1926, una notable cantidad de agua corría bajo el Puente de Old Town."
DS-13011,A portion of San Diego's business section and harbor.,Una parte del sector comercial y el puerto de San Diego.
DS-13010,"""Welcome to San Diego, California"" sign.","Cartel de ""Bienvenido a San Diego, California""."
DS-13009,Mission Beach at sunset.,Mission Beach a la puesta de sol.
DS-13008,"The Hotel Del Coronado, San Diego.","El Hotel Del Coronado, San Diego."
DS-13007,"Brown Pelicans, Western Gulls and Terns loafing at Tijuana Estuary.","Pelícanos pardos, gaviotas occidentales y charranes holgazaneando en el Estuario de Tijuana."
DS-13006,A flock of Terns flying over Tijuana Estuary.,Una bandada de charranes volando sobre el Estuario de Tijuana.
DS-13005,California Horn Snails (Cerithidiopsis californica) are common in salt marsh estuaries.,Los caracoles de cuerno (Cerithidiopsis californica) son comunes en estuarios con marismas de agua salada.
DS-13004,Sand-verbena (Abronia maritima).,Alfombrilla (Abronia maritima).
DS-13003_R,Girl Scouts on a nature walk at Coronado.,Girl Scouts en una caminata por la naturaleza en Coronado.
DS-13002,Children built sandcastles on Coronado Island's golden sands back in 1925 much as they do today.,Los niños construían castillos de arena en la Isla de Coronado en 1925 al igual que hoy en día.
DS-13001_R,Children built sandcastles on Coronado Island's golden sands back in 1925 much as they do today.,Los niños construían castillos de arena en la Isla de Coronado en 1925 al igual que hoy en día.
DS-12012,The dam at Big Bear Lake. From a San Diego Natural History Museum collecting trip to Bluff Lake.,El dique en el Lago Big Bear. De una expedición de recolección del Museo de Historia Natural de San Diego al Lago Bluff.
DS-12011,"""In the control, Clark Grade."" From a San Diego Natural History Museum collecting trip to Bluff Lake.","“En el control, pendiente de Clark”. De una expedición de recolección del Museo de Historia Natural de San Diego al Lago Bluff."
DS-12010,View of Silverwood Lake from the Rim of the World Scenic Byway (Route 138) in the San Bernardino Mountains.,Vista del Lago Silverwood desde el Rim of the World Scenic Byway (sendero pintoresco de la orilla del mundo) (Ruta 138) en las montañas San Bernardino.
DS-12009,"Once we got back to the South Fork Trail (just above Horse Meadow), we put Bella back on the leash because we thought we would run into other hikers.","Una vez que regresamos al sendero South Fork (apenas más arriba de Horse Meadow), volvimos a ponerle la correa a Bella porque pensamos que nos podríamos topar con otros caminantes."
DS-12008,Horse Meadow.,Horse Meadow.
DS-12007,Freddie at Big Bear Dam.,Freddie en el dique Big Bear.
DS-12006,A family from Los Feliz enjoys a picnic in the snowy San Bernardino Mountains.,Una familia de Los Feliz disfruta de un picnic en las nevadas montañas San Bernardino.
DS-12005,We found an abandoned car on a hike in the forest above Big Bear Lake.,Encontramos un carro abandonado durante una caminata por el bosque arriba del Lago Big Bear.
DS-12004,Looking south from Big Bear toward Sugarloaf Mountain.,Mirando al sur desde Big Bear hacia el Monte Sugarloaf.
DS-12003,"Andrew Harue, manager of a family flower farm in Los Feliz, skis in the snowy San Bernardino Mountains.","Andrew Harue, administrador de una granja familiar de flores en Los Feliz, esquía en las nevadas montañas San Bernardino."
"DS-12002
 THEN / ENTONCES","Bear Valley Dam, Big Bear Lake.","El dique Bear Valley, en el Lago Big Bear."
"DS-12001
 NOW / AHORA","Bear Valley Dam, Big Bear Lake.","El dique Bear Valley, en el Lago Big Bear."
DS-11004,"Gorge in consolidated Tertiary alluvium. Red Canyon, 5 miles east of Mecca, Colorado Desert, San Diego County, California.","Una quebrada en un depósito aluvional consolidado del Período Terciario. Red Canyon, 5 millas al este de Mecca en el desierto de Colorado, condado de San Diego, California."
DS-11003,The Salton Sea.,El Mar de Salton.
DS-11002,The Salton Sea.,El Mar de Salton.
DS-11001,Mud Pots near the Salton Sea.,Cenagales cerca del Mar de Salton.
DS-10024,A foggy evening on Palomar Mountain.,Una noche neblinosa en el Monte Palomar.
DS-10023,Doane Pond.,El estanque Doane.
DS-10022,"A tow-it-yourself weekend cabin is on the road on June 18, 1965, with Mount Palomar Observatory in the background.","Una cabaña a remolque para los fines de semana sobre la ruta el 18 de junio de 1965, con el observatorio del Monte Palomar en el fondo."
DS-10021,A view of the ruins of a house with stone fireplace.,Vista de las ruinas de una casa con chimenea de piedra.
DS-10020,A man holding a hose near a fire on Palomar Mountain.,Un hombre sosteniendo una manguera cerca de un incendio en el Monte Palomar.
DS-10019,A group of people on horseback riding on a trail near the foot of Palomar Mountain.,Un grupo de personas a caballo en un sendero cerca del pie del Monte Palomar.
DS-10018,"Theodore 'Theo' O. Bailey, an early Palomar Mountain resident.","Theodore “Theo” O. Bailey, uno de los primeros residentes del Monte Palomar."
DS-10017,"Anna May Davis sitting on a large rock with mortar holes used for grinding acorns at Silver Crest, Palomar Mountain.","Anna May Davis sentada sobre una gran roca con agujeros de mortero usados para moler bellotas en Silver Crest, Monte Palomar."
DS-10016,"Dr. Francis G. Pease at the observatory on Palomar Mountain, east ridge.","El Dr. Francis G. Pease en el observatorio en el Monte Palomar, en la cresta este."
DS-10015,Large group of people picnicking at the base of Palomar Mountain.,Un grupo grande de gente de picnic en la base del Monte Palomar.
DS-10014,"Irving Davis Jr., Ruth Davis, and an unidentified child standing in front of the Palomar Observatory and facing away from the camera.","Irving Davis Jr., Ruth Davis, y un niño no identificado parados en frente del observatorio Palomar mirando en dirección contraria a la cámara."
DS-10013,Billy Watts riding a horse and looking up at a large tree missing leaves.,Billy Watts a caballo y mirando hacia arriba a un árbol deshojado de gran tamaño.
DS-10012,Billy Watts on horseback in between two large tree trunks riddled with woodpecker holes.,Billy Watts a caballo entre dos grandes troncos cubiertos de agujeros hechos por los carpinteros belloteros.
DS-10011,Two people standing atop a large rock at the top of Palomar Mountain. Telephone or electrical pole is on the right. Three saddled horses in foreground.,Dos personas paradas sobre una roca de gran tamaño en la cima del Monte Palomar. Un poste de teléfono o eléctrico está a la derecha. Tres caballos ensillados en primer plano.
DS-10010,"A man sitting on a chair outdoors, holding his hat. He is probably Nate Harrison, a long-time Palomar Mountain resident.","Un hombre sentado en una silla afuera, agarrándose el sombrero. Probablemente sea Nate Harrison, un residente de larga data en el Monte Palomar."
DS-10009,"A man, possibly Edward H. Davis, holding an eagle outside a building. A man and woman on either side of him hold out the eagle's wings.","Un hombre, posiblemente Edward H. Davis, sosteniendo un águila afuera de un edificio. Un hombre y una mujer a cada lado sostienen las alas del águila."
DS-10008,"A group of people on horseback with view of trees, hills behind them.",Un grupo de personas a caballo con la vista de los árboles y colinas detrás de ellos.
DS-10007,"A woman, possibly Anna May Davis, sitting on a rock on Palomar Mountain. View of lower landscape in fog.","Una mujer, posiblemente Anna May Davis, sentada sobre una roca en el Monte Palomar. Vista del paisaje neblinoso más abajo."
DS-10006,A horse-drawn wagon on a dirt road beneath oak trees on Palomar Mountain.,Una carreta tirada por caballos en un camino de tierra que pasa bajo unos robles en el Monte Palomar.
DS-10005,Three women on horseback next to a log cabin along the trail to Palomar Mountain.,Tres mujeres a caballo al lado de una cabaña de troncos en el sendero hacia el Monte Palomar.
DS-10004,A group eating near a campfire. Small tables in background hold dishes and a pail. Group appears to include Davis' children and an unidentified man and woman.,Un grupo comiendo cerca de una fogata. Pequeñas mesas en el fondo donde se apoyan platos y una cubeta. El grupo parece incluir a los hijos de Davis y un hombre y una mujer no identificados.
DS-10003,Marion Davis on a fallen tree and leaning over to touch the stream below with a branch.,Marion Davis sobre un árbol caído e inclinándose para tocar el arroyo con una rama.
DS-10002,Two people sleeping outdoors between two large trees.,Dos personas durmiendo al aire libre entre dos árboles de gran tamaño.
DS-10001,A fallen tree over a small creek in the forest on Palomar Mountain.,Un árbol caído sobre un pequeño arroyo en el bosque en el Monte Palomar.
DS-09005,El Morro Beach.,El Morro Beach.
DS-09004,A cool blue Dragonfly.,Una libélula azul.
DS-09003,Light-footed Clapper Rails being released on Seal Beach National Wildlife Refuge.,Rascones picudos siendo liberados en el Refugio Nacional de Vida Silvestre de Seal Beach.
DS-09002,Storm damage on Sunset Beach.,Daños ocasionados por la tormenta en Sunset Beach.
DS-09001,Four women enjoy watermelons while camping and painting in a Eucalyptus grove in Laguna Beach.,Cuatro mujeres disfrutan comiendo sandías mientras acampan y pintan en una arboleda de eucaliptos en Laguna Beach.
DS-08005,"Looking south. Shows Bigcone Spruce in ravine. Black oak woodland at top of slope. At the right, chaparral has replaced fire-destroyed woodland of Coast Live Oak and Engelmann Oak.","Mirando al sur. Se ven douglasias en el barranco y un bosque de encinos en la cima de la cuesta. A la derecha, el chaparral ha reemplazado al bosque de encinos verdes y Engelmann Oaks destruido por el fuego."
DS-08003,Triathletes race past the water’s edge into the ocean.,Atletas de triatlón corren desde la orilla hacia el mar.
DS-08002,Big vineyard.,Extenso viñedo.
DS-08001,Anna May Davis standing under a tent set up near the beach at Encinitas with three boys in the background.,Anna May Davis parada debajo de una carpa armada cerca de la playa en Encinitas con tres muchachos en el fondo.
DS-07020,Mescal Wildlife Sanctuary.,Santuario de Vida Silvestre Mescal.
DS-07019,The desert in spring.,El desierto en la primavera.
DS-07018,Desert flower fields.,Campos de flores del desierto.
DS-07017,California Poppies and Acton Daisies.,Amapolas y Acton Daisies.
DS-07016,"Mojave Desert, California.","El desierto de Mojave, California."
DS-07015,"Mojave Desert Tortoise (Gopherus agassizii), a threatened species.","Tortuga patona (Gopherus agassizii), una especie en peligro."
DS-07014,"Yucca near Victorville, California. Graham Brothers' 1-1/2 ton truck.","Izotes cerca de Victorville, California. Camión de una tonelada y media de Graham Brothers."
DS-07013,"Environmental attorney Richard E. Gutting, Jr. and UC Riverside professor Sylvia Broadbent examine damage to the ancient desert floor from off-road vehicle racing.","El abogado ambientalista Richard E. Gutting, Jr. y la profesora Sylvia Broadbent de la Universidad de California en Riverside examinan el daño producido al antiguo suelo del desierto por las carreras de vehículos todoterreno."
DS-07012,Joshua Tree in the Mojave Desert near San Fernando.,Joshua Tree en el desierto de Mojave cerca de San Fernando.
DS-07011,Trunk of world's largest Joshua Tree.,Tronco del árbol de Josué más grande del mundo.
DS-07010,Land sailing on Rosamond Dry Lake near Tropico Gold Mine.,Velerismo de tierra en Rosamond Dry Lake cerca de la mina de oro Trópico.
DS-07009,Yucca Cactus.,Izote.
DS-07008,"Needles, California.","Needles, California."
DS-07007,Wind turbines in the Mojave Desert.,Turbinas de viento en el desierto de Mojave.
DS-07006,"Kelso Dunes, also known as the Kelso Dune Field, is the largest field of eolian sand deposits in the Mojave Desert, California.","Las dunas Kelso, también conocidas como el campo de dunas Kelso, es el campo eólico más grande de depósitos de arena en el desierto de Mojave, California."
DS-07005,"A view of Granite Peak, Providence Mountains, from the desert floor in the Mojave National Preserve, southwestern California.","Vista de la cima de Granite, montañas Providence, desde el nivel del suelo del desierto en la Reserva Nacional Mojave, al sudoeste de California."
DS-07004,"Mojave Desert, California.","El desierto de Mojave, California."
DS-07003,Verma Bricker with stone pestle and wooden mortar and three pottery vessels of various styles beside her.,Verma Bricker con mano de mortero de piedra y mortero de madera y tres vasijas de diversos estilos a su lado.
DS-07002,"Mojave Desert country, crossed by Santa Fe Railroad.","Paisaje del desierto de Mojave, atravesado por el ferrocarril de Santa Fe."
DS-07001,"Oblique aerial view of eastern Mojave Desert, San Bernardino County, California.","Vista aérea oblicua de la parte este del desierto de Mojave en el condado de San Bernardino, California."
DS-06004,Sunset at Torrey Pines Gliderport.,Atardecer en el portal de vuelo de ala delta de Torrey Pines.
DS-06003,A rare Torrey Pine about 1880.,Un pino Torrey poco común alrededor de 1880.
DS-06002,Phil's mom at Torrey Pines.,La mamá de Phil en Torrey Pines.
DS-06001,A Pelican flying by at Windansea in La Jolla.,Un pelícano en vuelo en Windansea en La Jolla.
DS-05008,"Flashlight fight during a camping trip to Joshua Tree National Park, CA.","Lucha de linternas durante una excursión de camping al Parque Nacional Joshua Tree, California."
DS-05007,"Flowing well near Coachella, Colorado Desert.",Un pozo artesiano en el desierto de Colorado.
DS-05006,Joshua Trees near Sheep Pass.,Árboles de Josué cerca de Sheep Pass.
DS-05005,Sunset in the Coxcomb Mountains.,El atardecer en las montañas Coxcomb.
DS-05004,I think this tree at Keys View looks like a Dr. Seuss chicken.,Pienso que este árbol en Keys View se parece a un pollo de los cuentos de Dr. Seuss.
DS-05003,Sunset at Joshua Tree.,El atardecer en Joshua Tree.
DS-05002,"We hiked the Boy Scout Trail for a while, then took the cutoff toward Willow Hole in the Wonderland of Rocks. We made it there just at sunset, when I took this picture.",Caminamos durante un rato a lo largo del sendero Boy Scout y luego tomamos el atajo hacia Willow Hole en el Wonderland of Rocks (área del país de las maravillas de Joshua Tree). Llegamos justo para la puesta de sol cuando tomé esta foto.
DS-05001,"Joshua Tree Thanksgiving camping trip: Helen (left) with her mother, Trinidad (right).","Excursión de camping en Joshua Tree durante Acción de Gracias: Helen (izquierda) con su madre, Trinidad (derecha)."
DS-04007,"Flooded homestead near Five Headings, Imperial County, due to the accidental formation of the Salton Sea.","Una finca inundada cerca de Five Headings en el condado de Imperial, debido a la formación accidental del Mar Salton."
DS-04006,Harvesting lettuce for processing in southern California’s Imperial Valley.,Cosechando lechuga para procesar en el Valle Imperial del sur de California.
DS-04005,"Pholisma sonorae (Sand Food) is a rare plant found in the deserts of southeastern California, Arizona, and Sonora, Mexico. It parasitizes other plants, attaching a long stem to their roots.","Pholisma sonorae (flor de arena) es una planta poco común que se encuentra en los desiertos del sudeste de California, Arizona, y Sonora, México. Parasita otras plantas al adherir un largo tallo a sus raíces."
DS-04004,Michael and Steve Field running in the sand dunes.,Michael y Steve Field corriendo en las dunas de arena.
DS-04003,Frank J. Salazar III with Barrel Cactus.,Frank J. Salazar III con una biznaga barril.
DS-04002,A wind farm in Ocotillo.,Un parque eólico en Ocotillo.
DS-04001,A geology fieldtrip to the Imperial Valley in the San Diego Natural History Museum car.,Una excursión de campo geológica al Valle Imperial en el carro del Museo de Historia Natural de San Diego.
DS-03005,"Colorado River Aqueduct, Parker Dam, San Bernardino County, California.","El acueducto del Río Colorado, dique Parker, condado de San Bernardino, California."
DS-03004,A Burrowing Owl swoops over its burrowin the Cibola National Wildlife Refuge.,Un tecolote llanero se lanza en picada sobre su madriguera en el Refugio Nacional de Vida Silvestre Cibola.
DS-03003,"Along the banks of the Colorado River, bordering Arizona
 and California, sits Havasu National Wildlife Refuge. It hosts nearly 300 species of birds such as Herons, Pelicans and Grebes.","A lo largo de las orillas del Río Colorado, colindante con Arizona y California, se ubica el Refugio Nacional de Vida Silvestre Havasu. Contiene casi 300 especies de aves, tales como garzas, pelícanos y Grebes."
DS-03002,The Colorado River.,El Río Colorado.
DS-03001,"San Diego Natural History Museum workers preparing specimens near Bard, California: from left to right: Professor Gallegos, Mrs. May Canfield, and Laurence Huey.","Trabajadores del Museo de Historia Natural de San Diego preparando especímenes cerca de Bard, California: de izquierda a derecha: El Profesor Gallegos, la Sra. May Canfield, y Laurence Huey."
DS-02042,A male White-breasted Nuthatch creeps down an oak tree at the Laguna Mountain Visitor Center.,Un sita pecho blanco se desliza hacia abajo en un roble en el Centro de Visitantes de Laguna Mountain.
DS-02041,A female Acorn Woodpecker in an oak tree in Laguna Campground.,Un carpintero bellotero hembra en un roble en el campamento Laguna.
DS-02040,Dripping water faucets at Laguna Campground provide a precious oasis for mountain birds like this female Acorn Woodpecker.,Los grifos que gotean en el campamento de Laguna proveen un invaluable oasis para los pájaros de la montaña como este carpintero bellotero hembra.
DS-02039,"We visited the Laguna Mountains in 2013. Not long after that, fire ravaged the area, including where the Pacific Crest Trail meets Highway S1 at the desert overlook.","Visitamos las montañas Laguna en 2013. Un corto tiempo después, un incendio devastó el área, incluyendo la intersección del sendero Pacific Crest y la carretera S1 en el miradero del desierto."
DS-02038,Lake Cuyamaca.,Lago Cuyamaca.
DS-02037,"Chaparral Yucca, Hesperoyucca whipplei.","Chaparral Yucca, Hesperoyucca whipplei."
DS-02036,"Golden-Bowl Mariposa Lily, Calochortus concolor.","Golden-Bowl Mariposa Lily, Calochortus concolor."
DS-02035,"We visited the Laguna Mountains in 2013. Not long after that, fire ravaged the area, including where the Pacific Crest Trail meets Highway S1 at the desert overlook.","Visitamos las montañas Laguna en 2013. Un corto tiempo después, un incendio devastó el área, incluyendo la intersección del sendero Pacific Crest y la carretera S1 en el miradero del desierto."
DS-02034,Max and Toby on the Pacific Crest Trail before the 2013 Laguna Fire.,Max y Toby en el sendero Pacific Crest antes del Incendio Laguna del 2013.
DS-02033,A lupin on a little hike in the woods near Laguna Meadows.,Un lupino en una pequeña caminata en el bosque cerca de Laguna Meadows.
DS-02032,Noa and Zoe Kaufhold and C. Paul Majors at Garnet Peak.,Noa y Zoe Kaufhold y C. Paul Majors en la cima de Garnet.
DS-02031,Noa and Zoe Kaufhold and C. Paul Majors sitting on a rock during a hike to Three Sisters Falls.,Noa y Zoe Kaufhold y C. Paul Majors sentados en una roca durante una caminata a Three Sisters Falls (“Cascadas de las Tres Hermanas”).
DS-02030,Noa and Zoe Kaufhold and C. Paul Majors hiking to Three Sisters Falls.,Noa y Zoe Kaufhold y C. Paul Majors de caminata a Three Sisters Falls (“Cascadas de las Tres Hermanas”).
DS-02029,Camping at Laguna Mountain.,Campamento en Laguna Mountain.
DS-02028,My grandkids in Laguna Mountain meadow.,Mis nietos en el prado de Laguna Mountain.
DS-02027,"Here we are, Camp Fire Girls at Camp Wolahi. The camp burned down during the Cedar Fire of 2003 and has not been rebuilt.","Aqui estamos, las Camp Fire Girls en el campamento Wolahi. El campamento se quemó durante el Incendio Cedar de 2003 y no ha sido reconstruido."
DS-02026,My first time away from home was camping at Camp Wolahi in Cuyamaca.,Mi primera estadía fuera de casa fue ir de camping al campamento Wolahi en Cuyamaca.
DS-02025,"My dad, Wig Fletcher, leading his family on a hike to the top of Stonewall Peak in Cuyamaca. It was steep but the view was great!","Mi padre, Wig Fletcher, liderando a su familia en una caminata a la cima de Stonewall en Cuyamaca. Era empinado, ¡pero la vista era grandiosa!"
DS-02024,"A group of us went cross-country skiing in the backcountry mountains. I was a real novice, especially when coming down the hills between the trees. Finally it was time for lunch. Tom Stump and I found a rock to sit on while I snapped this photo.","Un grupo de nosotros fue a practicar esquí de fondo en una zona remota de las montañas. Yo era un total principiante, especialmente en bajada entre los árboles. Finalmente se hizo la hora del almuerzo. Tom Stump y yo encontramos una roca para sentarnos y yo saqué esta foto."
DS-02023,"We first visited the Laguna Mountains in 2013, soon after moving to San Diego. Not long after that, fire ravaged the areas we had visited, including where the Pacific Crest Trail meets Highway S1 at the desert overlook. I came back in 2014 to take this picture.","Visitamos las montañas Laguna por primera vez en 2013, al poco tiempo de habernos mudado a San Diego. Después de un corto tiempo, los incendios devastaron las áreas que habíamos visitado, incluyendo la intersección del sendero Pacific Crest y la carretera S1 en el miradero del desierto. Fui nuevamente en 2014 para tomar esta foto."
DS-02022,The moon was hovering over the top of a pine tree near the end of our hike through Laguna Meadows.,La luna estaba suspendida sobre la punta de un pino casi al final de nuestra caminata a través de Laguna Meadows.
DS-02021,3-year-old Toby Vinje enjoying a hike by Big Lake Laguna during his brother's kindergarten camping trip.,Toby Vinje de tres años de edad disfrutando una caminata por el Lago Big Laguna durante el camping del jardín de infantes de su hermano.
DS-02020,My family was hiking the Laguna Meadow loop trail when we came upon this little fort that someone had erected in the woods.,Mi familia estaba de caminata en el sendero del circuito Laguna Meadows cuando encontramos este pequeño fuerte que alguien había construido en el bosque.
DS-02019,A thistle near Big Laguna Lake during a day hike.,Un cardo cerca del Lago Big Laguna durante un día de caminata.
DS-02018,Moon over Laguna Meadow.,La luna sobre Laguna Meadows.
DS-02017,Moon and pine trees during a family day hike in Laguna Meadow.,La luna y los pinos durante un día de caminata en familia en Laguna Meadows.
DS-02016,Acorns in the tree were put there by the Acorn Woodpeckers that live at the Laguna Campground.,Las bellotas en el árbol fueron puestas ahí por los carpinteros belloteros que viven en el campamento de Laguna.
DS-02015,Hulburd Grove store at Descanso.,Tienda en Hulburd Grove en Descanso.
DS-02014,Group of people with an automobile at a table in the Laguna Mountains.,Grupo de gente con un automóvil sentados a la mesa en las montañas Laguna.
DS-02013,"The ancestors of Phil Unitt, SDNHM Curator of Birds, took a camping trip to the Cuyamaca Mountains by covered wagon.","Los antepasados de Phil Unitt, Curador de Pájaros del MHNSD, hicieron una excursión de camping a las montañas Cuyamaca en una carreta cubierta."
DS-02012,"Two girls, including SDNHM Curator of Birds Phil Unitt's grandmother Gertude, on a camping trip to the Cuyamaca Mountains. They traveled by covered wagon.","Dos niñas, incluyendo Gertrude, la abuela de Phil Unitt, Curador de Pájaros del MHNSD, en una excursión de camping a las montañas Cuyamaca. Viajaron en una carreta cubierta."
DS-02011,"The ancestors of Phil Unitt, SDNHM Curator of Birds, took a camping trip to the Cuyamaca Mountains by covered wagon.","Los antepasados de Phil Unitt, Curador de Pájaros del MHNSD, hicieron una excursión de camping a las montañas Cuyamaca en una carreta cubierta."
DS-02010,"The ancestors of Phil Unitt, SDNHM Curator of Birds, took a camping trip to the Cuyamaca Mountains by covered wagon.","Los antepasados de Phil Unitt, Curador de Pájaros del MHNSD, hicieron una excursión de camping a las montañas Cuyamaca en una carreta cubierta."
DS-02009,"The ancestors of Phil Unitt, SDNHM Curator of Birds, took a camping trip to the Cuyamaca Mountains by covered wagon.","Los antepasados de Phil Unitt, Curador de Pájaros del MHNSD, hicieron una excursión de camping a las montañas Cuyamaca en una carreta cubierta."
DS-02008,"The ancestors of Phil Unitt, SDNHM Curator of Birds, took a camping trip to the Cuyamaca Mountains by covered wagon.","Los antepasados de Phil Unitt, Curador de Pájaros del MHNSD, hicieron una excursión de camping a las montañas Cuyamaca en una carreta cubierta."
DS-02007,"Snow near Guatay, San Diego County.","Nieve cerca de Guatay, condado de San Diego."
DS-02006,Descending the trail from Cuyamaca Peak during a San Diego Natural History Museum trip.,Bajando el sendero desde la cumbre de Cuyamaca durante un viaje del Museo de Historia Natural de San Diego.
DS-02005,Photo taken during San Diego Natural History Museum trip to Cuyamaca Peak lookout.,Foto tomada durante un viaje del Museo de Historia Natural de San Diego al miradero de la cumbre de Cuyamaca.
DS-02004,Mrs. Abbott and Mrs. Woodcock at Mt. Laguna during a San Diego Natural History Museum flower collecting trip.,La señora Abbott y la señora Woodcock en Mount Laguna durante un viaje de recolección de flores del Museo de Historia Natural de San Diego.
DS-02003,Mrs. Fidelia G. Woodcock poses in front of an Acorn Woodpecker's tree at Mt. Laguna during a San Diego Natural History Museum flower collecting trip.,La señora Fidelia G. Woodcock posa frente a un árbol de carpintero bellotero en Mount Laguna durante un viaje de recolección de flores del Museo de Historia Natural de San Diego.
DS-02002,"Now: In 2013, the Laguna Mountains suffered a devastating fire.",Hoy en día: En 2013 las montañas Laguna sufrieron un incendio devastador.
DS-02001,Then: Mrs. Abbott looking over the desert view at Mt. Laguna during a San Diego Natural History Museum flower collecting trip.,En aquel entonces: La señora Abbott contemplando la vista del desierto desde Mount Laguna durante un viaje de recolección de flores del Museo de Historia Natural de San Diego.
DS-01042,Anza-Borrego starscape.,Vista de las estrellas desde Anza-Borrego.
DS-01041,Borrego badlands from Fonts Point. The land has been eroded by wind and rain over millions of years.,Tierras yermas en Borrego desde Fonts Point. La tierra se ha erosionado por el viento y la lluvia a lo largo de millones de años.
DS-01040,The Milky Way at Fonts Point in Anza-Borrego Desert State Park.,Vista de la vía láctea desde Fonts Point en el Parque Estatal del Desierto de Anza-Borrego.
DS-01039,Palm Canyon oasis.,Un oasis en Palm Canyon.
DS-01038,Dragonfly photographed during a San Diego Natural History Museum bat survey in Palm Canyon.,Una libélula fotografiada durante un relevamiento de murciélagos del Museo de Historia Natural de San Diego en Palm Canyon.
DS-01037,Ocotillo on the roadside.,Ocotillo al costado de la ruta.
DS-01036,Anza-Borrego Desert State Park.,El Parque Estatal del Desierto de Anza-Borrego.
DS-01035,Sunset over the desert mountains.,Un atardecer sobre las montañas del desierto.
DS-01034,Desert blooms.,Flores del desierto.
DS-01033,A juvenile Desert Horned Lizard (Phrynosoma platyrhinos) near Coyote Canyon.,Un joven lagarto cornudo del desierto (Phrynosoma platyrhinos) cerca de Coyote Canyon.
DS-01032,Ghost Flower (Mohavea confertiflora) at Indian Gorge.,Ghost Flower (Mohavea confertiflora) en Indian Gorge.
DS-01031,Inflated Beetle (Cysteodemus armatus) in the desert. The air pocket between the wing cover and the body of these beetles may help insulate them against hot days and cold nights.,Inflated Beetle (Cysteodemus armatus) en el desierto. La bolsa de aire entre la cobertura del ala y el cuerpo de estos escarabajos podría ayudar a aislarlos contra los días calurosos y las noches frías.
DS-01030,"Oriflamme Canyon, where desert and chaparral meet.","Oriflamme Canyon, donde se encuentran el desierto y el chaparral."
DS-01029,"Our car overheated during a camping trip to the desert. While we were waiting for the radiator to be fixed, we explored Borrego Springs' famous metal sculptures by Ricardo Breceda.","Nuestro carro se recalentó durante una excursión de camping al desierto. Mientras esperábamos que arreglaran el radiador, exploramos las famosas esculturas de metal de Ricardo Breceda en Borrego Springs."
DS-01028,A bat at Mountain Palm Spring.,Un murciélago en Mountain Palm Spring.
DS-01027,A frog in Mountain Palm Spring.,Una rana en Mountain Palm Spring.
DS-01026,"Wild Onion, Allium fimbriatum var. fimbriatum, photographed near Whale Peak at the top of Pinyon Mountain.","Una planta de ajo-cebolla, Allium fimbriatum var. fimbriatum, fotografiada cerca de Whale Peak en la cima de Pinyon Mountain."
DS-01025,"Tarantula Hawk Wasp and bee, Mountain Palm Spring Campground.","Avispa caza tarántulas y abeja, campamento Mountain Palm Spring."
DS-01024,Cactus blooms in the desert.,Flores de cactus en el desierto.
DS-01023,Rattlesnakes are common in the desert.,Las víboras cascabel son comunes en el desierto.
DS-01022,Ocotillo flowers in bloom.,Ocotillos en flor.
DS-01021,Nature excursionists at Boulder Park on the edge of the Anza-Borrego desert.,Excursionistas en Boulder Park a la orilla del desierto de Anza-Borrego.
DS-01020,"Frank Stephens shot Borrego Sheep during a camping trip. In the days before the sheep became endangered, they ate the meat during the trip. The skins and heads were brought to the museum for mounting.","Frank Stephens cazó borregos cimarrones durante una expedición de camping. En una época anterior a que estas ovejas se encontraran en peligro de extinción, comieron su carne durante el viaje. Las pieles y las cabezas fueron traídas al museo para ser montadas."
DS-01019,Michael and Steve Field hiking up to the palm groves in Palm Canyon in Anza-Borrego Desert State Park.,Michael y Steve Field caminando por los palmares de Palm Canyon en el Parque Estatal del Desierto de Anza-Borrego.
DS-01018,Janice Girocco sitting among the wildflowers. I was from New England and had never been to a desert before and had no idea the flowers would be so small!,"Janice Girocco sentada entre las flores silvestres. Yo soy de New England y nunca antes había estado en un desierto, y ¡no tenía idea que las flores serían tan pequeñas!"
DS-01017,"After taking a mountaineering class at the San Diego Natural History Museum, my friend and I hiked into Henderson Canyon and set up camp among the flowers and cactus.","Después de haber tomado una clase de montañismo en el Museo de Historia Natural de San Diego, mi acompañante y yo caminamos dentro de Henderson Canyon y armamos el campamento entre las flores y los cactus."
DS-01016,"Rare snowfall near Ranchita on the way home from Borrego. My three children Roelif, Anne, and Erik were excited to see the snow and throw snowballs.","Una inusual nevada cerca de Ranchita camino a casa desde Borrego. Mis tres hijos, Roelif, Anne y Erik se entusiasmaron al ver la nieve y tirar bolas de nieve."
DS-01015,Sue and Roelif Randerson backpacking in Coyote Canyon during a Sierra Club basic mountaineering course. It was wonderful to feel that I had all I needed just in my backpack!,Sue y Roelif Randerson de mochileros en Coyote Canyon durante un curso de montañismo básico con el Sierra Club. ¡Fue hermoso sentir que tenía todo lo necesario ahí mismo en mi mochila!
DS-01014,"Mesa College botany professor Albert Grennan and his students on a field trip, backpacking to Carrizo Gorge along the railroad.","El profesor de botánica Albert Grennan de Mesa College y sus estudiantes durante una excursión de mochileros a Carrizo Gorge, a lo largo de las vías del ferrocarril."
DS-01013,Measuring a bat during a San Diego Natural History Museum bat survey in Palm Canyon.,Midiendo un murciélago durante un relevamiento de murciélagos del Museo de Historia Natural de San Diego en Palm Canyon.
DS-01012,Student Hilary Andrews holds a mantis during a San Diego Natural History Museum research trip to Palm Canyon.,La estudiante Hilary Andrews sostiene una mantis durante una excursión de investigación a Palm Canyon del Museo de Historia Natural de San Diego.
DS-01011,Student Hilary Andrews holds a snake during a San Diego Natural History Museum research trip to Palm Canyon.,La estudiante Hilary Andrews sostiene una víbora durante una excursión de investigación a Palm Canyon del Museo de Historia Natural de San Diego.
DS-01010,Badland cliffs in Anza-Borrego.,Acantilados de tierras yermas en Anza-Borrego.
DS-01009,Fluid Rock formation in Fish Creek.,Formación rocosa en Fish Creek.
DS-01008,Sand-verbena and Dune Evening Primrose near Henderson Valley Road.,Sand-verbena y onagra vespertina cerca de Henderson Valley Road.
DS-01007,Mine wash with Cholla Cactus and Ocotillo.,Deslave de una mina con Cholla Cactus y ocotillo.
DS-01006,Flower field north of Henderson Canyon Road,Prado florido al norte de Henderson Canyon Road.
DS-01005,"Elephant Trees near a gypsum mine, photographed during the San Diego Natural History Museum's Fleming-Abbott trip to Borrego Valley.","Torotes cerca de una mina de yeso, fotografiados durante la excursión Fleming-Abbott del Museo de Historia Natural de San Diego."
DS-01004,Picturesque oasis with palms during San Diego Natural History Museum trip to Thousand Palm Canyon.,Un pintoresco oasis con palmeras durante una excursión del Museo de Historia Natural de San Diego a Thousand Palm Canyon.
DS-01003,San Diego Natural History Museum truck in Anza-Borrego.,Camión del Museo de Historia Natural de San Diego en Anza-Borrego.
DS-01002,Beaty and Mrs. Abbott at edge of Coyote Creek during a San Diego Natural History Museum trip to Borrego Valley and Thousand Palm Canyon.,Beaty y la Sra. Abbott en la orilla de Coyote Creek durante una excursión del Museo de Historia Natural de San Diego a Borrego Valley y Thousand Palm Canyon.
DS-01001,Beaty and Mrs. Abbott among the ocotillos during a San Diego Natural History Museum trip to Borrego Valley and Thousand Palm Canyon.,Beaty y la Sra. Abbott entre los ocotillos durante una excursión del Museo de Historia Natural de San Diego a Borrego Valley y Thousand Palm Canyon.